{"cameraMode":{"drawMode":0,"name":"Shaded","section":"Shading Mode"},"sceneLighting":false,"audioPlay":false,"sceneViewState":{"m_AlwaysRefresh":false,"showFog":true,"showSkybox":true,"showFlares":true,"showImageEffects":true,"showParticleSystems":true,"showVisualEffectGraphs":true,"m_FxEnabled":false},"in2DMode":false,"pivot":{"x":-6.205020904541016,"y":6.7891926765441898,"z":36.92666244506836},"rotation":{"x":-0.016803983598947526,"y":-0.023397475481033326,"z":0.0003908108046744019,"w":-0.9995764493942261},"size":37.13140869140625,"orthographic":false}