{"cameraMode":{"drawMode":0,"name":"Shaded","section":"Shading Mode"},"sceneLighting":false,"audioPlay":false,"sceneViewState":{"m_AlwaysRefresh":false,"showFog":true,"showSkybox":false,"showFlares":true,"showImageEffects":true,"showParticleSystems":true,"showVisualEffectGraphs":true,"m_FxEnabled":false},"in2DMode":false,"pivot":{"x":-2.0293619632720949,"y":10.727500915527344,"z":13.996574401855469},"rotation":{"x":-0.08569280803203583,"y":-0.01584463380277157,"z":0.0013597329379990697,"w":-0.9961868524551392},"size":16.0140380859375,"orthographic":false}