{"cameraMode":{"drawMode":0,"name":"Shaded","section":"Shading Mode"},"sceneLighting":false,"audioPlay":false,"sceneViewState":{"m_AlwaysRefresh":false,"showFog":true,"showSkybox":false,"showFlares":true,"showImageEffects":true,"showParticleSystems":true,"showVisualEffectGraphs":true,"m_FxEnabled":true},"in2DMode":false,"pivot":{"x":-6.789999961853027,"y":3.630000114440918,"z":14.619999885559082},"rotation":{"x":-0.11107891798019409,"y":0.0020839457865804435,"z":-0.00023265463823918253,"w":-0.9938044548034668},"size":4.700379371643066,"orthographic":false}